{"cameraMode":{"drawMode":0,"name":"Shaded","section":"Shading Mode"},"sceneLighting":true,"audioPlay":false,"sceneViewState":{"m_AlwaysRefresh":false,"showFog":true,"showSkybox":true,"showFlares":true,"showImageEffects":true,"showParticleSystems":true,"showVisualEffectGraphs":true,"m_FxEnabled":true},"in2DMode":false,"pivot":{"x":-0.2602718472480774,"y":2.226560115814209,"z":2.8582282066345217},"rotation":{"x":0.3327758014202118,"y":-0.4292294383049011,"z":0.17388224601745606,"w":0.8214612603187561},"size":25.646207809448243,"orthographic":false}